{"productId":17,"categoryId":3,"productName":"HP Elite x2 1011 G1 Tablet","price":1279.0,"description":"Ultrabook™[2] Power\nPower up for ultimate power with Windows 8.1,[1] 5th Gen Intel® Core™ M processors,[4] with optional vPro™[5] and long battery life provided by dual tablet and keyboard base batteries.","imageUrl":"3200","attributes":[{"attributeName":"PROCESSOR","attributeValue":"Intel® Core™ M-5Y71 with Intel HD Graphics 5300 (1.2 GHz, up to 2.9 GHz with Intel Turbo Boost Technology, 4 MB cache, 2 cores)"},{"attributeName":"GRAPHICS","attributeValue":"Intel® HD Graphics 5300"},{"attributeName":"MEMORY","attributeValue":"8 GB 1600 MHz LPDDR3 SDRAM (onboard)"},{"attributeName":"OPERATING SYSTEM","attributeValue":"Windows 8.1 Pro 64"},{"attributeName":"DISPLAY","attributeValue":"11.6\" diagonal FHD BrightView eDP ultra-slim LED-backlit touch screen (1920 x 1080)"}],"colors":[{"code":"414141","name":"BLACK","inStock":10},{"code":"C3C3C3","name":"GRAY","inStock":10}],"images":["ABCDEF##3200","ABCDEF##3201","ABCDEF##3202"],"productStatus":"Active"}