<SOAP-ENV:Envelope xmlns:SOAP-ENV="http://schemas.xmlsoap.org/soap/envelope/"><SOAP-ENV:Header/><SOAP-ENV:Body><ns2:GetAccountByIdResponse xmlns:ns2="com.advantage.online.store.accountservice"><ns2:AccountResponse><ns2:id>912273569</ns2:id><ns2:lastName>User10lastname</ns2:lastName><ns2:firstName>User10firstname</ns2:firstName><ns2:loginName>User10</ns2:loginName><ns2:accountType>20</ns2:accountType><ns2:countryId>236</ns2:countryId><ns2:countryName>France</ns2:countryName><ns2:countryIsoName>fr</ns2:countryIsoName><ns2:stateProvince>Moscow</ns2:stateProvince><ns2:cityName>Moscow</ns2:cityName><ns2:address>Moscow10</ns2:address><ns2:zipcode>123456</ns2:zipcode><ns2:phoneNumber>1234567</ns2:phoneNumber><ns2:email>User10@user.com</ns2:email><ns2:defaultPaymentMethodId>0</ns2:defaultPaymentMethodId><ns2:allowOffersPromotion>true</ns2:allowOffersPromotion><ns2:internalUnsuccessfulLoginAttempts>0</ns2:internalUnsuccessfulLoginAttempts><ns2:internalUserBlockedFromLoginUntil>0</ns2:internalUserBlockedFromLoginUntil><ns2:internalLastSuccesssulLogin>0</ns2:internalLastSuccesssulLogin><ns2:loginPassword>ef9af1891fb3b1087d525c2f5a24aac2c11f7473</ns2:loginPassword><ns2:aobUser>false</ns2:aobUser></ns2:AccountResponse></ns2:GetAccountByIdResponse></SOAP-ENV:Body></SOAP-ENV:Envelope>