<SOAP-ENV:Envelope xmlns:SOAP-ENV="http://schemas.xmlsoap.org/soap/envelope/"><SOAP-ENV:Header/><SOAP-ENV:Body><ns2:AccountLoginResponse xmlns:ns2="com.advantage.online.store.accountservice"><ns2:StatusMessage><ns2:success>true</ns2:success><ns2:userId>912273569</ns2:userId><ns2:reason>Login Successful</ns2:reason><ns2:token>eyJ0eXAiOiJKV1QiLCJhbGciOiJIUzI1NiJ9.eyJpc3MiOiJ3d3cuYWR2YW50YWdlb25saW5lc2hvcHBpbmcuY29tIiwidXNlcklkIjo5MTIyNzM1NjksInN1YiI6IlVzZXIxMCIsInJvbGUiOiJVU0VSIn0.Ew3ueeIDoqwglcasC5pojPIdSbBl-vtP2K1HmoqVxfg</ns2:token><ns2:sessionId>18888d7dafe@7E76417397^i%912273569</ns2:sessionId><ns2:t_authorization>VXNlcjEwOlVzZXIxMA==</ns2:t_authorization><ns2:accountType>20</ns2:accountType></ns2:StatusMessage></ns2:AccountLoginResponse></SOAP-ENV:Body></SOAP-ENV:Envelope>