<SOAP-ENV:Envelope xmlns:SOAP-ENV="http://schemas.xmlsoap.org/soap/envelope/"><SOAP-ENV:Header/><SOAP-ENV:Body><ns2:AccountLoginResponse xmlns:ns2="com.advantage.online.store.accountservice"><ns2:StatusMessage><ns2:success>true</ns2:success><ns2:userId>155839179</ns2:userId><ns2:reason>Login Successful</ns2:reason><ns2:token>eyJ0eXAiOiJKV1QiLCJhbGciOiJIUzI1NiJ9.eyJpc3MiOiJ3d3cuYWR2YW50YWdlb25saW5lc2hvcHBpbmcuY29tIiwidXNlcklkIjoxNTU4MzkxNzksInN1YiI6IlVzZXIxMiIsInJvbGUiOiJVU0VSIn0.PilvwvEQMMDaH-6_Lgr-Pe1TCfigQWKJV901TLJ704E</ns2:token><ns2:sessionId>18891f76f8f@7E766121CC^i%155839179</ns2:sessionId><ns2:t_authorization>VXNlcjEyOlVzZXIxMg==</ns2:t_authorization><ns2:accountType>20</ns2:accountType></ns2:StatusMessage></ns2:AccountLoginResponse></SOAP-ENV:Body></SOAP-ENV:Envelope>