{"productId":25,"categoryId":4,"productName":"Bose SoundLink Wireless Speaker","price":129.0,"description":"If music is your motivation, wait until you hear the SoundLink® Color Bluetooth speaker. It plays your favorite tunes from your favorite Bluetooth device-out loud in clear, full audio-just about anywhere you want to go. It's small, durable and simple to use. And it comes in a spectrum of colors to match almost any style.","imageUrl":"4700","attributes":[{"attributeName":"CONNECTOR","attributeValue":"Wireless"},{"attributeName":"WEIGHT","attributeValue":"1.25 lb"},{"attributeName":"COMPATIBILITY","attributeValue":"Any device that has bluetooth enabled or a 3.5 mm audio connector."},{"attributeName":"MANUFACTURER","attributeValue":"Bose"},{"attributeName":"WIRELESS TECHNOLOGY","attributeValue":"Bluetooh®"}],"colors":[{"code":"414141","name":"BLACK","inStock":10},{"code":"3683D1","name":"BLUE","inStock":10},{"code":"DD3A5B","name":"RED","inStock":10},{"code":"55CDD5","name":"TURQUOISE","inStock":10}],"images":["3683D1##4704","414141##4701","55CDD5##4700","DD3A5B##4702"],"productStatus":"Active"}