<SOAP-ENV:Envelope xmlns:SOAP-ENV="http://schemas.xmlsoap.org/soap/envelope/"><SOAP-ENV:Header/><SOAP-ENV:Body><ns2:GetAccountByIdResponse xmlns:ns2="com.advantage.online.store.accountservice"><ns2:AccountResponse><ns2:id>155839179</ns2:id><ns2:lastName>User12lastname</ns2:lastName><ns2:firstName>User12firstname</ns2:firstName><ns2:loginName>User12</ns2:loginName><ns2:accountType>20</ns2:accountType><ns2:countryId>236</ns2:countryId><ns2:countryName>France</ns2:countryName><ns2:countryIsoName>fr</ns2:countryIsoName><ns2:stateProvince>Moscow</ns2:stateProvince><ns2:cityName>Moscow</ns2:cityName><ns2:address>Moscow12</ns2:address><ns2:zipcode>456123</ns2:zipcode><ns2:phoneNumber>6754321</ns2:phoneNumber><ns2:email>User12@user.com</ns2:email><ns2:defaultPaymentMethodId>0</ns2:defaultPaymentMethodId><ns2:allowOffersPromotion>true</ns2:allowOffersPromotion><ns2:internalUnsuccessfulLoginAttempts>0</ns2:internalUnsuccessfulLoginAttempts><ns2:internalUserBlockedFromLoginUntil>0</ns2:internalUserBlockedFromLoginUntil><ns2:internalLastSuccesssulLogin>0</ns2:internalLastSuccesssulLogin><ns2:loginPassword>da69ccf6022e1691eab13a4e9ece892d64d097f6</ns2:loginPassword><ns2:aobUser>false</ns2:aobUser></ns2:AccountResponse></ns2:GetAccountByIdResponse></SOAP-ENV:Body></SOAP-ENV:Envelope>