{
  "FilterHeaders": [
    {
      "Header": "x-requested-with",
      "IncludeInScript": true
    },
    {
      "Header": "user-agent",
      "IncludeInScript": false
    },
    {
      "Header": "upgrade-insecure-requests",
      "IncludeInScript": true
    },
    {
      "Header": "soapaction",
      "IncludeInScript": true
    },
    {
      "Header": "pragma",
      "IncludeInScript": false
    },
    {
      "Header": "origin",
      "IncludeInScript": true
    },
    {
      "Header": "if-none-match",
      "IncludeInScript": false
    },
    {
      "Header": "if-modified-since",
      "IncludeInScript": false
    },
    {
      "Header": "dnt",
      "IncludeInScript": true
    },
    {
      "Header": "cache-control",
      "IncludeInScript": false
    },
    {
      "Header": "accept-language",
      "IncludeInScript": false
    },
    {
      "Header": "accept-encoding",
      "IncludeInScript": false
    },
    {
      "Header": "accept",
      "IncludeInScript": false
    }
  ],
  "FilterResources": [
    {
      "IsNonResource": true,
      "type": "text/xml"
    },
    {
      "IsNonResource": false,
      "type": "text/plain"
    },
    {
      "IsNonResource": true,
      "type": "text/html"
    },
    {
      "IsNonResource": false,
      "type": "text/css"
    },
    {
      "IsNonResource": false,
      "type": "image/x-icon"
    },
    {
      "IsNonResource": false,
      "type": "image/svg+xml"
    },
    {
      "IsNonResource": false,
      "type": "image/png"
    },
    {
      "IsNonResource": false,
      "type": "image/jpeg"
    },
    {
      "IsNonResource": false,
      "type": "font/woff"
    },
    {
      "IsNonResource": true,
      "type": "application/json"
    },
    {
      "IsNonResource": false,
      "type": "application/javascript"
    }
  ],
  "GeneralInfo": {
    "BrowserVersion": "",
    "IsWinInetMode": false,
    "MaxUsedConnections": 9,
    "RecordedBrowser": "Firefox",
    "RecordingDate": "июн-06-2023",
    "RecordingDuration": 48015,
    "RecordingMode": "N/A",
    "RecordingTimeStamp": 1686076039,
    "RecordingType": "Browser",
    "TotalBytesReceived": 1801469,
    "TotalBytesSent": 25096,
    "TotalRequests": 63,
    "UserAgent": "Mozilla/5.0 (Windows NT 10.0; Win64; x64; rv:72.0) Gecko/20100101 Firefox/72.0"
  },
  "HostInfo": [
    {
      "DomainName": "firefox.com",
      "Domains": [
        {
          "HTTPVersion": "HTTP/1.1",
          "IP": "34.107.221.82",
          "IncludeInScript": true,
          "Name": "detectportal.firefox.com",
          "Port": 80,
          "Requests": [
            {
              "CompressionType": "",
              "DataType": "text/plain",
              "DownloadTime": 47,
              "EventId": 1611,
              "HttpStatus": 200,
              "Size": 8,
              "URL": "http://detectportal.firefox.com/success.txt?ipv4"
            },
            {
              "CompressionType": "",
              "DataType": "text/plain",
              "DownloadTime": 32,
              "EventId": 1593,
              "HttpStatus": 200,
              "Size": 8,
              "URL": "http://detectportal.firefox.com/success.txt"
            },
            {
              "CompressionType": "",
              "DataType": "text/plain",
              "DownloadTime": 32,
              "EventId": 1562,
              "HttpStatus": 200,
              "Size": 8,
              "URL": "http://detectportal.firefox.com/success.txt?ipv4"
            },
            {
              "CompressionType": "",
              "DataType": "text/plain",
              "DownloadTime": 32,
              "EventId": 1544,
              "HttpStatus": 200,
              "Size": 8,
              "URL": "http://detectportal.firefox.com/success.txt"
            },
            {
              "CompressionType": "",
              "DataType": "text/plain",
              "DownloadTime": 31,
              "EventId": 1307,
              "HttpStatus": 200,
              "Size": 8,
              "URL": "http://detectportal.firefox.com/success.txt?ipv4"
            },
            {
              "CompressionType": "",
              "DataType": "text/plain",
              "DownloadTime": 32,
              "EventId": 1283,
              "HttpStatus": 200,
              "Size": 8,
              "URL": "http://detectportal.firefox.com/success.txt"
            },
            {
              "CompressionType": "",
              "DataType": "text/plain",
              "DownloadTime": 31,
              "EventId": 1236,
              "HttpStatus": 200,
              "Size": 8,
              "URL": "http://detectportal.firefox.com/success.txt?ipv4"
            },
            {
              "CompressionType": "",
              "DataType": "text/plain",
              "DownloadTime": 31,
              "EventId": 1218,
              "HttpStatus": 200,
              "Size": 8,
              "URL": "http://detectportal.firefox.com/success.txt"
            },
            {
              "CompressionType": "",
              "DataType": "text/plain",
              "DownloadTime": 31,
              "EventId": 1197,
              "HttpStatus": 200,
              "Size": 8,
              "URL": "http://detectportal.firefox.com/success.txt?ipv4"
            },
            {
              "CompressionType": "",
              "DataType": "text/plain",
              "DownloadTime": 31,
              "EventId": 1180,
              "HttpStatus": 200,
              "Size": 8,
              "URL": "http://detectportal.firefox.com/success.txt"
            },
            {
              "CompressionType": "",
              "DataType": "text/plain",
              "DownloadTime": 31,
              "EventId": 1171,
              "HttpStatus": 200,
              "Size": 8,
              "URL": "http://detectportal.firefox.com/success.txt?ipv4"
            },
            {
              "CompressionType": "",
              "DataType": "text/plain",
              "DownloadTime": 32,
              "EventId": 1151,
              "HttpStatus": 200,
              "Size": 8,
              "URL": "http://detectportal.firefox.com/success.txt"
            },
            {
              "CompressionType": "",
              "DataType": "text/plain",
              "DownloadTime": 32,
              "EventId": 1141,
              "HttpStatus": 200,
              "Size": 8,
              "URL": "http://detectportal.firefox.com/success.txt?ipv4"
            },
            {
              "CompressionType": "",
              "DataType": "text/plain",
              "DownloadTime": 32,
              "EventId": 1123,
              "HttpStatus": 200,
              "Size": 8,
              "URL": "http://detectportal.firefox.com/success.txt"
            },
            {
              "CompressionType": "",
              "DataType": "text/plain",
              "DownloadTime": 47,
              "EventId": 1121,
              "HttpStatus": 200,
              "Size": 8,
              "URL": "http://detectportal.firefox.com/success.txt?ipv4"
            },
            {
              "CompressionType": "",
              "DataType": "text/plain",
              "DownloadTime": 31,
              "EventId": 1099,
              "HttpStatus": 200,
              "Size": 8,
              "URL": "http://detectportal.firefox.com/success.txt"
            },
            {
              "CompressionType": "",
              "DataType": "text/plain",
              "DownloadTime": 31,
              "EventId": 1081,
              "HttpStatus": 200,
              "Size": 8,
              "URL": "http://detectportal.firefox.com/success.txt?ipv4"
            },
            {
              "CompressionType": "",
              "DataType": "text/plain",
              "DownloadTime": 31,
              "EventId": 1052,
              "HttpStatus": 200,
              "Size": 8,
              "URL": "http://detectportal.firefox.com/success.txt"
            },
            {
              "CompressionType": "",
              "DataType": "text/plain",
              "DownloadTime": 15,
              "EventId": 1043,
              "HttpStatus": 200,
              "Size": 8,
              "URL": "http://detectportal.firefox.com/success.txt?ipv4"
            },
            {
              "CompressionType": "",
              "DataType": "text/plain",
              "DownloadTime": 16,
              "EventId": 1035,
              "HttpStatus": 200,
              "Size": 8,
              "URL": "http://detectportal.firefox.com/success.txt?ipv4"
            },
            {
              "CompressionType": "",
              "DataType": "text/plain",
              "DownloadTime": 31,
              "EventId": 1017,
              "HttpStatus": 200,
              "Size": 8,
              "URL": "http://detectportal.firefox.com/success.txt"
            },
            {
              "CompressionType": "",
              "DataType": "text/plain",
              "DownloadTime": 47,
              "EventId": 957,
              "HttpStatus": 200,
              "Size": 8,
              "URL": "http://detectportal.firefox.com/success.txt"
            }
          ],
          "SSLCipher": "None",
          "SSLVersion": "None"
        }
      ],
      "IncludeInScript": true
    },
    {
      "DomainName": "advantageonlineshopping.com",
      "Domains": [
        {
          "HTTPVersion": "HTTP/1.1",
          "IP": "54.227.55.203",
          "IncludeInScript": true,
          "Name": "www.advantageonlineshopping.com",
          "Port": 443,
          "Requests": [
            {
              "CompressionType": "",
              "DataType": "text/xml",
              "DownloadTime": 235,
              "EventId": 1577,
              "HttpStatus": 200,
              "Size": 409,
              "URL": "https://www.advantageonlineshopping.com/accountservice/ws/AccountLoginRequest"
            },
            {
              "CompressionType": "",
              "DataType": "",
              "DownloadTime": 141,
              "EventId": 1571,
              "HttpStatus": 304,
              "Size": 0,
              "URL": "https://www.advantageonlineshopping.com/css/main.min.css"
            },
            {
              "CompressionType": "",
              "DataType": "image/png",
              "DownloadTime": 140,
              "EventId": 1569,
              "HttpStatus": 200,
              "Size": 1029,
              "URL": "https://www.advantageonlineshopping.com/css/images/FacebookLogo.png"
            },
            {
              "CompressionType": "",
              "DataType": "image/jpeg",
              "DownloadTime": 266,
              "EventId": 1525,
              "HttpStatus": 200,
              "Size": 42737,
              "URL": "https://www.advantageonlineshopping.com/css/images/Popular-item1.jpg"
            },
            {
              "CompressionType": "",
              "DataType": "image/jpeg",
              "DownloadTime": 250,
              "EventId": 1523,
              "HttpStatus": 200,
              "Size": 28087,
              "URL": "https://www.advantageonlineshopping.com/css/images/Popular-item2.jpg"
            },
            {
              "CompressionType": "",
              "DataType": "image/jpeg",
              "DownloadTime": 250,
              "EventId": 1510,
              "HttpStatus": 200,
              "Size": 68456,
              "URL": "https://www.advantageonlineshopping.com/css/images/Banner3.jpg"
            },
            {
              "CompressionType": "",
              "DataType": "image/jpeg",
              "DownloadTime": 203,
              "EventId": 1506,
              "HttpStatus": 200,
              "Size": 25978,
              "URL": "https://www.advantageonlineshopping.com/css/images/Popular-item3.jpg"
            },
            {
              "CompressionType": "",
              "DataType": "image/jpeg",
              "DownloadTime": 250,
              "EventId": 1504,
              "HttpStatus": 200,
              "Size": 85091,
              "URL": "https://www.advantageonlineshopping.com/css/images/Banner2.jpg"
            },
            {
              "CompressionType": "",
              "DataType": "image/jpeg",
              "DownloadTime": 125,
              "EventId": 1475,
              "HttpStatus": 200,
              "Size": 496378,
              "URL": "https://www.advantageonlineshopping.com/css/images/Banner1.jpg"
            },
            {
              "CompressionType": "",
              "DataType": "image/jpeg",
              "DownloadTime": 343,
              "EventId": 1467,
              "HttpStatus": 200,
              "Size": 60070,
              "URL": "https://www.advantageonlineshopping.com/catalog/fetchImage?image_id=headphones"
            },
            {
              "CompressionType": "",
              "DataType": "image/png",
              "DownloadTime": 265,
              "EventId": 1462,
              "HttpStatus": 200,
              "Size": 2064,
              "URL": "https://www.advantageonlineshopping.com/css/images/twitter.png"
            },
            {
              "CompressionType": "",
              "DataType": "image/png",
              "DownloadTime": 265,
              "EventId": 1459,
              "HttpStatus": 200,
              "Size": 91647,
              "URL": "https://www.advantageonlineshopping.com/catalog/fetchImage?image_id=mice"
            },
            {
              "CompressionType": "",
              "DataType": "image/jpeg",
              "DownloadTime": 266,
              "EventId": 1457,
              "HttpStatus": 200,
              "Size": 47798,
              "URL": "https://www.advantageonlineshopping.com/catalog/fetchImage?image_id=laptops"
            },
            {
              "CompressionType": "",
              "DataType": "font/woff",
              "DownloadTime": 141,
              "EventId": 1453,
              "HttpStatus": 200,
              "Size": 24944,
              "URL": "https://www.advantageonlineshopping.com/css/fonts/roboto_thin_macroman/Roboto-Thin-webfont.woff"
            },
            {
              "CompressionType": "",
              "DataType": "font/woff",
              "DownloadTime": 141,
              "EventId": 1451,
              "HttpStatus": 200,
              "Size": 24808,
              "URL": "https://www.advantageonlineshopping.com/css/fonts/roboto_bold_macroman/Roboto-Bold-webfont.woff"
            },
            {
              "CompressionType": "",
              "DataType": "image/png",
              "DownloadTime": 297,
              "EventId": 1429,
              "HttpStatus": 200,
              "Size": 228775,
              "URL": "https://www.advantageonlineshopping.com/catalog/fetchImage?image_id=speakers"
            },
            {
              "CompressionType": "",
              "DataType": "image/jpeg",
              "DownloadTime": 265,
              "EventId": 1426,
              "HttpStatus": 200,
              "Size": 63833,
              "URL": "https://www.advantageonlineshopping.com/catalog/fetchImage?image_id=tablets"
            },
            {
              "CompressionType": "",
              "DataType": "image/png",
              "DownloadTime": 125,
              "EventId": 1424,
              "HttpStatus": 200,
              "Size": 1707,
              "URL": "https://www.advantageonlineshopping.com/css/images/linkedin.png"
            },
            {
              "CompressionType": "",
              "DataType": "image/png",
              "DownloadTime": 141,
              "EventId": 1422,
              "HttpStatus": 200,
              "Size": 996,
              "URL": "https://www.advantageonlineshopping.com/css/images/arrow_right.png"
            },
            {
              "CompressionType": "",
              "DataType": "image/png",
              "DownloadTime": 281,
              "EventId": 1399,
              "HttpStatus": 200,
              "Size": 2114,
              "URL": "https://www.advantageonlineshopping.com/css/images/GoUp.png"
            },
            {
              "CompressionType": "",
              "DataType": "image/png",
              "DownloadTime": 219,
              "EventId": 1397,
              "HttpStatus": 200,
              "Size": 1583,
              "URL": "https://www.advantageonlineshopping.com/css/images/facebook.png"
            },
            {
              "CompressionType": "",
              "DataType": "image/png",
              "DownloadTime": 266,
              "EventId": 1394,
              "HttpStatus": 200,
              "Size": 3003,
              "URL": "https://www.advantageonlineshopping.com/css/images/chat_logo.png"
            },
            {
              "CompressionType": "",
              "DataType": "image/jpeg",
              "DownloadTime": 266,
              "EventId": 1392,
              "HttpStatus": 200,
              "Size": 80826,
              "URL": "https://www.advantageonlineshopping.com/css/images/Special-offer.jpg"
            },
            {
              "CompressionType": "gzip",
              "DataType": "text/html",
              "DownloadTime": 141,
              "EventId": 1373,
              "HttpStatus": 200,
              "Size": 2243,
              "URL": "https://www.advantageonlineshopping.com/app/views/home-page.html"
            },
            {
              "CompressionType": "gzip",
              "DataType": "application/json",
              "DownloadTime": 156,
              "EventId": 1371,
              "HttpStatus": 200,
              "Size": 500,
              "URL": "https://www.advantageonlineshopping.com/app/tempFiles/popularProducts.json"
            },
            {
              "CompressionType": "gzip",
              "DataType": "application/json",
              "DownloadTime": 235,
              "EventId": 1369,
              "HttpStatus": 200,
              "Size": 351,
              "URL": "https://www.advantageonlineshopping.com/catalog/api/v1/deals/search?dealOfTheDay=true"
            },
            {
              "CompressionType": "gzip",
              "DataType": "application/json",
              "DownloadTime": 235,
              "EventId": 1367,
              "HttpStatus": 200,
              "Size": 4488,
              "URL": "https://www.advantageonlineshopping.com/catalog/api/v1/categories"
            },
            {
              "CompressionType": "",
              "DataType": "text/xml",
              "DownloadTime": 172,
              "EventId": 1365,
              "HttpStatus": 200,
              "Size": 823,
              "URL": "https://www.advantageonlineshopping.com/accountservice/ws/GetAccountConfigurationRequest"
            },
            {
              "CompressionType": "gzip",
              "DataType": "application/json",
              "DownloadTime": 157,
              "EventId": 1359,
              "HttpStatus": 200,
              "Size": 6541,
              "URL": "https://www.advantageonlineshopping.com/catalog/api/v1/DemoAppConfig/parameters/by_tool/ALL"
            },
            {
              "CompressionType": "",
              "DataType": "font/woff",
              "DownloadTime": 266,
              "EventId": 1355,
              "HttpStatus": 200,
              "Size": 25048,
              "URL": "https://www.advantageonlineshopping.com/css/fonts/roboto_medium_macroman/Roboto-Medium-webfont.woff"
            },
            {
              "CompressionType": "",
              "DataType": "font/woff",
              "DownloadTime": 266,
              "EventId": 1352,
              "HttpStatus": 200,
              "Size": 24576,
              "URL": "https://www.advantageonlineshopping.com/css/fonts/roboto_light_macroman/Roboto-Light-webfont.woff"
            },
            {
              "CompressionType": "",
              "DataType": "",
              "DownloadTime": 140,
              "EventId": 1350,
              "HttpStatus": 200,
              "Size": 1010,
              "URL": "https://www.advantageonlineshopping.com/services.properties"
            },
            {
              "CompressionType": "",
              "DataType": "image/png",
              "DownloadTime": 140,
              "EventId": 1348,
              "HttpStatus": 200,
              "Size": 1098,
              "URL": "https://www.advantageonlineshopping.com/css/images/closeDark.png"
            },
            {
              "CompressionType": "",
              "DataType": "image/png",
              "DownloadTime": 125,
              "EventId": 1346,
              "HttpStatus": 200,
              "Size": 2645,
              "URL": "https://www.advantageonlineshopping.com/css/images/logo.png"
            },
            {
              "CompressionType": "gzip",
              "DataType": "application/javascript",
              "DownloadTime": 141,
              "EventId": 1320,
              "HttpStatus": 200,
              "Size": 268667,
              "URL": "https://www.advantageonlineshopping.com/main.min.js"
            },
            {
              "CompressionType": "",
              "DataType": "image/x-icon",
              "DownloadTime": 125,
              "EventId": 1318,
              "HttpStatus": 200,
              "Size": 1150,
              "URL": "https://www.advantageonlineshopping.com/css/images/favicon.ico"
            },
            {
              "CompressionType": "gzip",
              "DataType": "application/javascript",
              "DownloadTime": 328,
              "EventId": 1309,
              "HttpStatus": 200,
              "Size": 20995,
              "URL": "https://www.advantageonlineshopping.com/vendor/requirejs/require.js"
            },
            {
              "CompressionType": "",
              "DataType": "font/woff",
              "DownloadTime": 125,
              "EventId": 1285,
              "HttpStatus": 200,
              "Size": 25020,
              "URL": "https://www.advantageonlineshopping.com/css/fonts/roboto_regular_macroman/Roboto-Regular-webfont.woff"
            },
            {
              "CompressionType": "",
              "DataType": "image/svg+xml",
              "DownloadTime": 140,
              "EventId": 1273,
              "HttpStatus": 200,
              "Size": 795,
              "URL": "https://www.advantageonlineshopping.com/css/images/Down_arrow.svg"
            },
            {
              "CompressionType": "gzip",
              "DataType": "text/css",
              "DownloadTime": 266,
              "EventId": 1264,
              "HttpStatus": 200,
              "Size": 30101,
              "URL": "https://www.advantageonlineshopping.com/css/main.min.css"
            },
            {
              "CompressionType": "gzip",
              "DataType": "text/html",
              "DownloadTime": 235,
              "EventId": 1247,
              "HttpStatus": 200,
              "Size": 2909,
              "URL": "https://www.advantageonlineshopping.com/"
            }
          ],
          "SSLCipher": "TLS_AES_256_GCM_SHA384",
          "SSLVersion": "TLS1.3"
        }
      ],
      "IncludeInScript": true
    }
  ],
  "WebSocket": {
    "IncludeInScript": false,
    "IsScriptIncludeWebSocket": false
  },
  "NumberOfCorrelations": 0
}