<SOAP-ENV:Envelope xmlns:SOAP-ENV="http://schemas.xmlsoap.org/soap/envelope/"><SOAP-ENV:Header/><SOAP-ENV:Body><ns2:AccountLoginResponse xmlns:ns2="com.advantage.online.store.accountservice"><ns2:StatusMessage><ns2:success>true</ns2:success><ns2:userId>590778546</ns2:userId><ns2:reason>Login Successful</ns2:reason><ns2:token>eyJ0eXAiOiJKV1QiLCJhbGciOiJIUzI1NiJ9.eyJpc3MiOiJ3d3cuYWR2YW50YWdlb25saW5lc2hvcHBpbmcuY29tIiwidXNlcklkIjo1OTA3Nzg1NDYsInN1YiI6IlVzZXIyMSIsInJvbGUiOiJVU0VSIn0.aX48h9ASzp246SFcAjeI1di7STDBj_xWKAIPxsElwj8</ns2:token><ns2:sessionId>188a5f233ad@7E76AF2235^i%590778546</ns2:sessionId><ns2:t_authorization>VXNlcjIxOlVzZXIyMQ==</ns2:t_authorization><ns2:accountType>20</ns2:accountType></ns2:StatusMessage></ns2:AccountLoginResponse></SOAP-ENV:Body></SOAP-ENV:Envelope>