<SOAP-ENV:Envelope xmlns:SOAP-ENV="http://schemas.xmlsoap.org/soap/envelope/"><SOAP-ENV:Header/><SOAP-ENV:Body><ns2:GetAddressesByAccountIdResponse xmlns:ns2="com.advantage.online.store.accountservice"><ns2:ShippingAddress><ns2:id>382</ns2:id><ns2:addressLine1>Moscow1</ns2:addressLine1><ns2:city>Moscow</ns2:city><ns2:country>RUSSIA_RU</ns2:country><ns2:state>Moscow</ns2:state><ns2:postalCode>123456</ns2:postalCode><ns2:accountId>590778546</ns2:accountId></ns2:ShippingAddress></ns2:GetAddressesByAccountIdResponse></SOAP-ENV:Body></SOAP-ENV:Envelope>