{"categoryId":4,"categoryName":"SPEAKERS","categoryImageId":"speakers","promotedProduct":{"id":19,"staringPrice":"200","promotionHeader":"ENJOY PREMIUM SOUND","promotionSubHeader":"Colorful style meets serious sound","productName":"HP S9500 Bluetooth Wireless Speaker","price":200.0,"description":"Impress … everyone! Futuristic design with perforated steel formed into subtle angles. Requiring only minimal space, this speaker is the ideal complement to any setting.","imageUrl":"4100","attributes":[{"attributeName":"WIRELESS TECHNOLOGY","attributeValue":"Bluetooh®"},{"attributeName":"COMPATIBILITY","attributeValue":"Any device that has bluetooth enabled"},{"attributeName":"MANUFACTURER","attributeValue":"HP"},{"attributeName":"WEIGHT","attributeValue":"1.95 lb"},{"attributeName":"CONNECTOR","attributeValue":"Wireless"}]},"attributes":[{"attributeName":"CONNECTOR","attributeValues":["Wireless"]},{"attributeName":"COMPATIBILITY","attributeValues":["Any device that has bluetooth enabled or a 3.5 mm audio connector.","Any device that has bluetooth enabled"]},{"attributeName":"WEIGHT","attributeValues":["3.03 lb","1.95 lb","0.55 lb","1.26 lb","1.1 lb","1.25 lb","1.0 lb"]},{"attributeName":"WIRELESS TECHNOLOGY","attributeValues":["Bluetooh®","Bluetooth®"]},{"attributeName":"MANUFACTURER","attributeValues":["Bose","Logitech","HP"]}],"products":[{"productId":20,"categoryId":4,"productName":"Bose Soundlink Bluetooth Speaker III","price":269.99,"description":"Meet the speaker that brings your music and friends together-with a style that's all your own. The SoundLink® Bluetooth speaker III is our best-performing mobile Bluetooth speaker. It plays louder and longer than its popular predecessor, with advanced Bose® technologies that reproduce the fullness, clarity and depth of your music. And a colorful assortment of optional covers let you personalize your speaker.","imageUrl":"4200","attributes":[{"attributeName":"MANUFACTURER","attributeValue":"Bose"},{"attributeName":"COMPATIBILITY","attributeValue":"Any device that has bluetooth enabled"},{"attributeName":"CONNECTOR","attributeValue":"Wireless"},{"attributeName":"WIRELESS TECHNOLOGY","attributeValue":"Bluetooh®"},{"attributeName":"WEIGHT","attributeValue":"3.03 lb"}],"colors":[{"code":"414141","name":"BLACK","inStock":10},{"code":"C3C3C3","name":"GRAY","inStock":10}],"images":["ABCDEF##4200"],"productStatus":"Active"},{"productId":25,"categoryId":4,"productName":"Bose SoundLink Wireless Speaker","price":129.0,"description":"If music is your motivation, wait until you hear the SoundLink® Color Bluetooth speaker. It plays your favorite tunes from your favorite Bluetooth device-out loud in clear, full audio-just about anywhere you want to go. It's small, durable and simple to use. And it comes in a spectrum of colors to match almost any style.","imageUrl":"4700","attributes":[{"attributeName":"MANUFACTURER","attributeValue":"Bose"},{"attributeName":"CONNECTOR","attributeValue":"Wireless"},{"attributeName":"COMPATIBILITY","attributeValue":"Any device that has bluetooth enabled or a 3.5 mm audio connector."},{"attributeName":"WEIGHT","attributeValue":"1.25 lb"},{"attributeName":"WIRELESS TECHNOLOGY","attributeValue":"Bluetooh®"}],"colors":[{"code":"414141","name":"BLACK","inStock":10},{"code":"3683D1","name":"BLUE","inStock":10},{"code":"DD3A5B","name":"RED","inStock":10},{"code":"55CDD5","name":"TURQUOISE","inStock":10}],"images":["3683D1##4704","414141##4701","55CDD5##4700","DD3A5B##4702"],"productStatus":"Active"},{"productId":24,"categoryId":4,"productName":"HP Roar Mini Wireless Speaker","price":44.99,"description":"Attention-getting design, color, and sound - the HP Roar Mini Wireless Speaker. Exceptional size-defying audio while streaming music and calls from a distinctively compact speaker.","imageUrl":"4600","attributes":[{"attributeName":"WIRELESS TECHNOLOGY","attributeValue":"Bluetooh®"},{"attributeName":"CONNECTOR","attributeValue":"Wireless"},{"attributeName":"COMPATIBILITY","attributeValue":"Any device that has bluetooth enabled or a 3.5 mm audio connector."},{"attributeName":"WEIGHT","attributeValue":"0.55 lb"},{"attributeName":"MANUFACTURER","attributeValue":"HP"}],"colors":[{"code":"414141","name":"BLACK","inStock":10},{"code":"C3C3C3","name":"GRAY","inStock":10},{"code":"DD3A5B","name":"RED","inStock":10},{"code":"FCC23D","name":"YELLOW","inStock":10}],"images":["414141##4602","C3C3C3##4603","DD3A5B##4600","FCC23D##4601"],"productStatus":"Active"},{"productId":21,"categoryId":4,"productName":"HP Roar Plus Wireless Speaker","price":169.99,"description":"Showcase your music anywhere with the ease of wireless Bluetooth® connectivity.","imageUrl":"4300","attributes":[{"attributeName":"MANUFACTURER","attributeValue":"HP"},{"attributeName":"WIRELESS TECHNOLOGY","attributeValue":"Bluetooth®"},{"attributeName":"COMPATIBILITY","attributeValue":"Any device that has bluetooth enabled"},{"attributeName":"CONNECTOR","attributeValue":"Wireless"},{"attributeName":"WEIGHT","attributeValue":"1.26 lb"}],"colors":[{"code":"414141","name":"BLACK","inStock":10},{"code":"3683D1","name":"BLUE","inStock":10},{"code":"545195","name":"PURPLE","inStock":10}],"images":["3683D1##4300","3683D1##4301","414141##4304","545195##4308"],"productStatus":"Active"},{"productId":22,"categoryId":4,"productName":"HP Roar Wireless Speaker","price":84.99,"description":"Showcase your music anywhere with the ease of wireless Bluetooth® connectivity.","imageUrl":"4400","attributes":[{"attributeName":"COMPATIBILITY","attributeValue":"Any device that has bluetooth enabled"},{"attributeName":"MANUFACTURER","attributeValue":"HP"},{"attributeName":"WEIGHT","attributeValue":"1.1 lb"},{"attributeName":"CONNECTOR","attributeValue":"Wireless"},{"attributeName":"WIRELESS TECHNOLOGY","attributeValue":"Bluetooh®"}],"colors":[{"code":"3683D1","name":"BLUE","inStock":10},{"code":"FFFFFF","name":"WHITE","inStock":10},{"code":"FCC23D","name":"YELLOW","inStock":10}],"images":["3683D1##4404","FCC23D##4408","FFFFFF##4400","FFFFFF##4401"],"productStatus":"Active"},{"productId":19,"categoryId":4,"productName":"HP S9500 Bluetooth Wireless Speaker","price":200.0,"description":"Impress … everyone! Futuristic design with perforated steel formed into subtle angles. Requiring only minimal space, this speaker is the ideal complement to any setting.","imageUrl":"4100","attributes":[{"attributeName":"WIRELESS TECHNOLOGY","attributeValue":"Bluetooh®"},{"attributeName":"COMPATIBILITY","attributeValue":"Any device that has bluetooth enabled"},{"attributeName":"MANUFACTURER","attributeValue":"HP"},{"attributeName":"WEIGHT","attributeValue":"1.95 lb"},{"attributeName":"CONNECTOR","attributeValue":"Wireless"}],"colors":[{"code":"C3C3C3","name":"GRAY","inStock":10},{"code":"FFFFFF","name":"WHITE","inStock":10}],"images":["ABCDEF##4100","ABCDEF##4101"],"productStatus":"Active"},{"productId":23,"categoryId":4,"productName":"Logitech X100 Speaker System - Wireless Speaker(s)","price":49.99,"description":"Pump up the volume and enjoy crystal-clear sound from this mobile speaker. This portable speaker is perfect for life on-the-go. Take it on the road or relax and listen at home because this mobile speaker goes everywhere. Simple, intuitive design lets you wirelessly connect and stream music from your Bluetooth-enabled device from up to 30' away. Easily manage phone calls and volume control from your mobile phone. Enjoy five hours of continuous play before you need to recharge. Recharge the built-in, lithium-ion battery with the convenience of the included micro-USB cable.","imageUrl":"4500","attributes":[{"attributeName":"CONNECTOR","attributeValue":"Wireless"},{"attributeName":"COMPATIBILITY","attributeValue":"Any device that has bluetooth enabled"},{"attributeName":"WEIGHT","attributeValue":"1.0 lb"},{"attributeName":"WIRELESS TECHNOLOGY","attributeValue":"Bluetooh®"},{"attributeName":"MANUFACTURER","attributeValue":"Logitech"}],"colors":[{"code":"414141","name":"BLACK","inStock":10}],"images":["414141##4500"],"productStatus":"Active"}],"colors":["414141","3683D1","545195","C3C3C3","DD3A5B","55CDD5","FFFFFF","FCC23D"]}