{"categoryId":3,"categoryName":"TABLETS","categoryImageId":"tablets","promotedProduct":{"id":16,"staringPrice":"1429","promotionHeader":"TRAVEL CONFIDENTLY AND IN STYLE","promotionSubHeader":"Built for durability and mobility","productName":"HP ElitePad 1000 G2 Tablet","price":1009.0,"description":"More than a tablet—a total business solution. The elegant and sleek HP ElitePad 1000 G2 has the performance and flexibility to transform the way you work. Redefine productivity and stay light with the confidence of the leading manageability, security, and support you expect from HP.","imageUrl":"3100","attributes":[{"attributeName":"PROCESSOR","attributeValue":"Intel® Atom® Z3795 (1.6 GHz, up to 2.39 GHz using Intel Burst Technology, 2 MB cache, 4 cores)"},{"attributeName":"MEMORY","attributeValue":"4 GB 1067 MHz LPDDR3 SDRAM"},{"attributeName":"GRAPHICS","attributeValue":"Intel HD Graphics"},{"attributeName":"DISPLAY","attributeValue":"10.1\" diagonal WXGA UWVA (1900 x 1200), capacitive multi-touch screen with digitizer, Corning® Gorilla® Glass 3 with anti-smudge coating"},{"attributeName":"OPERATING SYSTEM","attributeValue":"Windows 8.1 Pro 64"}]},"attributes":[{"attributeName":"GRAPHICS","attributeValues":["Intel® HD Graphics 5300","Intel HD Graphics","Intel® HD Graphics"]},{"attributeName":"OPERATING SYSTEM","attributeValues":["Windows 8.1 Pro 64"]},{"attributeName":"PROCESSOR","attributeValues":["Intel® Core™ M-5Y71 with Intel HD Graphics 5300 (1.2 GHz, up to 2.9 GHz with Intel Turbo Boost Technology, 4 MB cache, 2 cores)","Intel® Atom™ x5-Z8500 with Intel HD Graphics (1.44 GHz, up to 2.24 GHz using Intel Burst Technology, 2 MB cache, 4 cores)","Intel® Atom® Z3795 (1.6 GHz, up to 2.39 GHz using Intel Burst Technology, 2 MB cache, 4 cores)"]},{"attributeName":"MEMORY","attributeValues":["8 GB 1600 MHz LPDDR3 SDRAM (onboard)","4 GB 1067 MHz LPDDR3 SDRAM","2 GB LPDDR3-1600 SDRAM"]},{"attributeName":"DISPLAY","attributeValues":["11.6\" diagonal FHD BrightView eDP ultra-slim LED-backlit touch screen (1920 x 1080)","7.9\" diagonal FHD multi-touch display with Corning® Gorilla® Glass® (2048 x 1536)","10.1\" diagonal WXGA UWVA (1900 x 1200), capacitive multi-touch screen with digitizer, Corning® Gorilla® Glass 3 with anti-smudge coating"]}],"products":[{"productId":16,"categoryId":3,"productName":"HP ElitePad 1000 G2 Tablet","price":1009.0,"description":"More than a tablet—a total business solution. The elegant and sleek HP ElitePad 1000 G2 has the performance and flexibility to transform the way you work. Redefine productivity and stay light with the confidence of the leading manageability, security, and support you expect from HP.","imageUrl":"3100","attributes":[{"attributeName":"PROCESSOR","attributeValue":"Intel® Atom® Z3795 (1.6 GHz, up to 2.39 GHz using Intel Burst Technology, 2 MB cache, 4 cores)"},{"attributeName":"MEMORY","attributeValue":"4 GB 1067 MHz LPDDR3 SDRAM"},{"attributeName":"GRAPHICS","attributeValue":"Intel HD Graphics"},{"attributeName":"DISPLAY","attributeValue":"10.1\" diagonal WXGA UWVA (1900 x 1200), capacitive multi-touch screen with digitizer, Corning® Gorilla® Glass 3 with anti-smudge coating"},{"attributeName":"OPERATING SYSTEM","attributeValue":"Windows 8.1 Pro 64"}],"colors":[{"code":"414141","name":"BLUE","inStock":10},{"code":"C3C3C3","name":"GRAY","inStock":10}],"images":["ABCDEF##3100","ABCDEF##3101","ABCDEF##3102","ABCDEF##3103"],"productStatus":"Active"},{"productId":17,"categoryId":3,"productName":"HP Elite x2 1011 G1 Tablet","price":1279.0,"description":"Ultrabook™[2] Power\nPower up for ultimate power with Windows 8.1,[1] 5th Gen Intel® Core™ M processors,[4] with optional vPro™[5] and long battery life provided by dual tablet and keyboard base batteries.","imageUrl":"3200","attributes":[{"attributeName":"DISPLAY","attributeValue":"11.6\" diagonal FHD BrightView eDP ultra-slim LED-backlit touch screen (1920 x 1080)"},{"attributeName":"MEMORY","attributeValue":"8 GB 1600 MHz LPDDR3 SDRAM (onboard)"},{"attributeName":"GRAPHICS","attributeValue":"Intel® HD Graphics 5300"},{"attributeName":"PROCESSOR","attributeValue":"Intel® Core™ M-5Y71 with Intel HD Graphics 5300 (1.2 GHz, up to 2.9 GHz with Intel Turbo Boost Technology, 4 MB cache, 2 cores)"},{"attributeName":"OPERATING SYSTEM","attributeValue":"Windows 8.1 Pro 64"}],"colors":[{"code":"414141","name":"BLACK","inStock":10},{"code":"C3C3C3","name":"GRAY","inStock":10}],"images":["ABCDEF##3200","ABCDEF##3201","ABCDEF##3202"],"productStatus":"Active"},{"productId":18,"categoryId":3,"productName":"HP Pro Tablet 608 G1","price":479.0,"description":"Transform your business with this small stylish business tablet equipped with a brilliant, high definition display and the pervasive connectivity to mobilize nearly any business process. Choose from an expansive choice of accessories[2] for a customized experience.","imageUrl":"3300","attributes":[{"attributeName":"GRAPHICS","attributeValue":"Intel® HD Graphics"},{"attributeName":"DISPLAY","attributeValue":"7.9\" diagonal FHD multi-touch display with Corning® Gorilla® Glass® (2048 x 1536)"},{"attributeName":"OPERATING SYSTEM","attributeValue":"Windows 8.1 Pro 64"},{"attributeName":"MEMORY","attributeValue":"2 GB LPDDR3-1600 SDRAM"},{"attributeName":"PROCESSOR","attributeValue":"Intel® Atom™ x5-Z8500 with Intel HD Graphics (1.44 GHz, up to 2.24 GHz using Intel Burst Technology, 2 MB cache, 4 cores)"}],"colors":[{"code":"414141","name":"BLACK","inStock":10},{"code":"C3C3C3","name":"GRAY","inStock":10}],"images":["ABCDEF##3300","ABCDEF##3301","ABCDEF##3302","ABCDEF##3303"],"productStatus":"Active"}],"colors":["414141","C3C3C3"]}