{"productId":18,"categoryId":3,"productName":"HP Pro Tablet 608 G1","price":479.0,"description":"Transform your business with this small stylish business tablet equipped with a brilliant, high definition display and the pervasive connectivity to mobilize nearly any business process. Choose from an expansive choice of accessories[2] for a customized experience.","imageUrl":"3300","attributes":[{"attributeName":"OPERATING SYSTEM","attributeValue":"Windows 8.1 Pro 64"},{"attributeName":"GRAPHICS","attributeValue":"Intel® HD Graphics"},{"attributeName":"PROCESSOR","attributeValue":"Intel® Atom™ x5-Z8500 with Intel HD Graphics (1.44 GHz, up to 2.24 GHz using Intel Burst Technology, 2 MB cache, 4 cores)"},{"attributeName":"DISPLAY","attributeValue":"7.9\" diagonal FHD multi-touch display with Corning® Gorilla® Glass® (2048 x 1536)"},{"attributeName":"MEMORY","attributeValue":"2 GB LPDDR3-1600 SDRAM"}],"colors":[{"code":"414141","name":"BLACK","inStock":10},{"code":"C3C3C3","name":"GRAY","inStock":10}],"images":["ABCDEF##3300","ABCDEF##3301","ABCDEF##3302","ABCDEF##3303"],"productStatus":"Active"}